,title,genres,imdb_score
1,Taxi Driver,  crime    drama  ,8.3
2,Monty Python and the Holy Grail,  comedy    fantasy  ,8.2
3,Life of Brian,  comedy  ,8.0
4,The Exorcist,  horror  ,8.1
6,Dirty Harry,  thriller    crime    action  ,7.7
7,My Fair Lady,  drama    music    romance    family  ,7.8
8,The Blue Lagoon,  romance    drama  ,5.8
9,Bonnie and Clyde,  drama    crime    action  ,7.7
10,The Professionals,  western    action    european  ,7.3
12,Lupin the Third: The Castle of Cagliostro,  comedy    animation    action    fantasy    family  ,7.6
13,Richard Pryor: Live in Concert,  comedy    documentation  ,8.1
14,The Long Riders,  western    crime  ,6.9
18,Hitler: A Career,  documentation    history    european  ,7.5
19,FTA,  comedy    documentation    music  ,6.2
46,Top Gun,  drama    action  ,6.9
48,Stand by Me,  drama  ,8.1
49,Once Upon a Time in America,  drama    crime    european  ,8.3
50,When Harry Met Sally...,  romance    comedy    drama  ,7.7
51,Teenage Mutant Ninja Turtles,  scifi    action    comedy    family  ,6.7
52,Full Metal Jacket,  drama    war  ,8.3
53,Christine,  horror    thriller    european  ,6.7
54,A Nightmare on Elm Street,  horror  ,7.4
56,Awakenings,  drama    european  ,7.8
58,Annie,  drama    family    comedy  ,6.6
59,Pet Sematary,  horror    fantasy    thriller  ,6.5
61,She's Gotta Have It,  comedy    romance  ,6.7
62,Eddie Murphy Raw,  comedy    documentation  ,7.6
63,Endless Love,  drama    romance  ,4.9
70,Sam Kinison: Breaking the Rules,  comedy    documentation  ,7.2
72,Monty Python Live at the Hollywood Bowl,  comedy    documentation  ,7.9
104,The Quick and the Dead,  western    thriller    action    romance  ,6.5
108,Forrest Gump,  drama    romance    comedy  ,8.8
109,Happy Gilmore,  comedy    sport  ,7.0
111,Saving Private Ryan,  drama    war  ,8.6
115,Gattaca,  thriller    drama    scifi  ,7.8
117,Blade,  action    scifi    horror  ,7.1
118,You've Got Mail,  romance    drama    comedy  ,6.7
119,Starship Troopers,  scifi    thriller    action  ,7.3
122,Donnie Brasco,  thriller    drama    crime  ,7.7
124,U.S. Marshals,  thriller    crime    action  ,6.5
126,Wild Things,  drama    thriller    crime    european  ,6.6
127,Last Action Hero,  comedy    action    fantasy  ,6.4
128,Seven Years in Tibet,  drama    history    war  ,7.1
130,A River Runs Through It,  drama  ,7.2
131,"Girl, Interrupted",  drama    european  ,7.3
135,Any Given Sunday,  drama    sport  ,6.9
136,Menace II Society,  drama    crime    thriller  ,7.5
137,Desperado,  thriller    action    crime    western    european  ,7.1
138,The Mask of Zorro,  action    thriller    western    comedy    romance  ,6.8
139,The Patriot,  drama    action    history    war  ,7.2
140,Road Trip,  comedy  ,6.5
141,Free Willy,  drama    family  ,6.0
143,3 Ninjas Kick Back,  action    comedy    family    sport  ,4.5
144,In the Line of Fire,  drama    thriller    action    crime  ,7.2
145,The Replacements,  comedy    sport  ,6.6
146,Johnny Mnemonic,  scifi    thriller    action    drama  ,5.6
147,Little Women,  drama    family    romance  ,7.3
148,Anaconda,  thriller    horror    action  ,4.8
149,My Girl,  comedy    drama    family    romance    european  ,6.9
150,Cliffhanger,  thriller    action    animation  ,6.5
151,I Know What You Did Last Summer,  horror    thriller  ,5.7
152,Teenage Mutant Ninja Turtles II: The Secret of the Ooze,  scifi    action    comedy    family  ,6.0
154,Hollow Man,  scifi    action    horror    thriller  ,5.8
155,Godzilla,  thriller    scifi    action  ,5.4
157,Spawn,  fantasy    horror    scifi    thriller    action    drama  ,5.2
158,Dennis the Menace,  comedy    family  ,5.6
159,The Net,  thriller    action    crime    drama  ,5.9
160,The Devil's Own,  thriller    drama    action    crime    european  ,6.2
161,Croupier,  thriller    european    crime    drama  ,7.0
162,Teenage Mutant Ninja Turtles III,  fantasy    scifi    action    comedy    family  ,4.7
163,The General's Daughter,  drama    crime    thriller  ,6.4
164,The Next Karate Kid,  drama    family    romance    sport    action  ,4.5
165,I Still Know What You Did Last Summer,  thriller    horror  ,4.7
166,Double Team,  scifi    action    comedy    thriller  ,4.7
167,Under Suspicion,  thriller    crime    drama    european  ,6.5
171,Geronimo: An American Legend,  western    drama    history  ,6.5
172,The Mirror Has Two Faces,  romance    comedy    drama  ,6.6
175,Knight Rider 2000,  action    scifi  ,4.5
176,The Last Days,  drama    documentation    war  ,7.9
178,Heavy,  romance    drama  ,6.8
183,Jerry Seinfeld: I'm Telling You for the Last Time,  comedy    documentation  ,7.9
185,Wild Tango,  drama    music    romance  ,6.7
186,Kuch Kuch Hota Hai,  drama    romance    comedy  ,7.6
189,Herod's Law,  drama    comedy    crime  ,7.8
190,Tim Allen: Rewires America,  comedy    documentation  ,5.9
192,Dil Se..,  drama    romance  ,7.5
196,Oh Darling! Yeh Hai India!,  comedy  ,4.0
199,West Beirut,  romance    war    comedy    drama    european  ,7.6
200,Muthu,  drama    comedy    romance    action  ,7.6
203,Chamatkar,  comedy    fantasy    drama    crime  ,6.5
206,Hum Saath Saath Hain,  fantasy    romance    family    drama  ,6.2
207,Kabhi Haan Kabhi Naa,  comedy    drama    music    romance  ,7.6
209,Phir Bhi Dil Hai Hindustani,  comedy    romance    drama  ,6.1
212,Chaahat,  drama    romance  ,5.5
214,Maya Memsaab,  romance    drama    thriller  ,5.4
216,Duplicate,  comedy    action    crime    thriller  ,5.5
219,English Babu Desi Mem,  romance    comedy    drama  ,4.5
225,Sinbad: Afros and Bellbottoms,  comedy    documentation  ,7.8
232,Avvai Shanmugi,  drama    comedy  ,7.9
233,Minsara Kanavu,  comedy    drama    romance  ,6.7
254,Forgetting Sarah Marshall,  comedy    drama    romance  ,7.1
255,War of the Worlds,  thriller    action    scifi  ,6.5
260,Inception,  scifi    music    thriller    action  ,8.8
262,How to Train Your Dragon,  fantasy    animation    action    comedy    family    drama  ,8.1
265,Michael Clayton,  thriller    crime    drama  ,7.2
268,Jackass: The Movie,  action    comedy    documentation  ,6.6
271,Zoolander,  comedy    european  ,6.5
273,Charlie and the Chocolate Factory,  fantasy    comedy    family  ,6.6
274,Cleaner,  thriller    crime  ,6.1
275,Harold & Kumar Go to White Castle,  comedy  ,7.0
276,The Social Network,  drama  ,7.8
277,Road to Perdition,  thriller    documentation    crime    drama  ,7.7
279,Blow,  drama    crime  ,7.5
280,Shooter,  thriller    action    drama  ,7.2
281,Big Fish,  drama    fantasy    romance  ,8.0
282,The Bourne Ultimatum,  thriller    action  ,8.0
283,Public Enemies,  crime    drama    history    action    european  ,7.0
285,Sherlock Holmes,  crime    action    thriller  ,7.6
286,Love Actually,  drama    comedy    romance  ,7.6
287,Closer,  drama    romance  ,7.2
289,Something's Gotta Give,  romance    drama    comedy  ,6.7
290,Grown Ups,  comedy    drama    european  ,5.9
291,The Blind Side,  drama    sport  ,7.6
292,Quantum of Solace,  thriller    action  ,6.6
293,The Ring,  horror    european  ,7.1
295,Into the Wild,  drama  ,8.1
296,True Grit,  western    drama  ,7.6
298,Rambo,  thriller    action    war    european  ,7.0
299,Stardust,  fantasy    romance    family  ,7.6
301,The Last Samurai,  drama    history    war    action  ,7.8
304,The Book of Eli,  thriller    action    drama    european  ,6.8
305,Identity,  thriller  ,7.3
308,Shrek Forever After,  fantasy    comedy    family    romance    animation  ,6.3
309,Hairspray,  comedy    drama    romance  ,6.7
310,Corpse Bride,  fantasy    romance    animation    drama    family  ,7.3
311,Let Me In,  horror    drama    fantasy    thriller    european  ,7.1
312,Monster,  crime    drama    thriller    european  ,7.3
313,Without a Paddle,  thriller    comedy  ,5.8
314,Once Upon a Time in Mexico,  drama    action    crime    thriller  ,6.3
315,Cloudy with a Chance of Meatballs,  animation    drama    romance    comedy    family    fantasy    scifi  ,6.9
317,Blade II,  thriller    fantasy    scifi    action    horror  ,6.7
318,Chloe,  thriller    drama    romance    european  ,6.3
319,Blood Diamond,  thriller    drama  ,8.0
320,The Lake House,  drama    fantasy    romance    documentation  ,6.8
321,Terminator 3: Rise of the Machines,  thriller    scifi    action    european  ,6.3
322,Beerfest,  comedy  ,6.2
323,Heist,  thriller    drama    action    crime    european  ,6.5
324,Catch and Release,  romance    comedy    drama  ,5.9
325,Just Like Heaven,  drama    romance    fantasy    comedy  ,6.7
327,Four Brothers,  crime    action    drama    thriller  ,6.8
328,John Q,  drama    thriller    crime  ,7.0
329,Not Another Teen Movie,  comedy  ,5.7
330,21,  drama    crime    history    thriller  ,6.8
332,Terminator Salvation,  thriller    scifi    fantasy    war    action  ,6.5
333,Deck the Halls,  comedy    family  ,5.0
334,The Girl Next Door,  thriller    drama    crime    horror  ,6.5
335,The Cat in the Hat,  fantasy    comedy    family  ,4.0
337,Final Destination 3,  horror    thriller    action    crime    fantasy    european  ,5.8
338,Thir13en Ghosts,  thriller    horror    fantasy  ,5.6
339,The One,  scifi    thriller    action  ,5.9
340,Happy Feet,  comedy    fantasy    animation    family    music    romance  ,6.4
341,Ip Man,  drama    fantasy    action    history  ,8.0
342,Coach Carter,  drama    sport    european  ,7.3
343,Blade: Trinity,  action    thriller    fantasy    horror    scifi  ,5.8
344,Monster-in-Law,  romance    comedy  ,5.5
345,Halloween,  horror  ,6.0
346,How Do You Know,  drama    comedy    romance  ,5.4
347,The Sweetest Thing,  comedy    romance  ,5.1
348,The Final Destination,  horror    fantasy    scifi    action    thriller  ,5.1
349,The Other Boleyn Girl,  romance    drama    history  ,6.7
350,Friday the 13th,  horror    thriller  ,5.5
351,The Bucket List,  drama    comedy    european  ,7.4
352,Freddy vs. Jason,  horror    action  ,5.7
354,Memoirs of a Geisha,  drama    romance    european  ,7.3
355,A Nightmare on Elm Street,  horror    thriller    crime    drama  ,5.2
356,Body of Lies,  drama    action    thriller  ,7.1
357,A Cinderella Story,  romance    comedy    family  ,5.9
359,Osmosis Jones,  animation    action    comedy    crime    family    fantasy    scifi  ,6.3
360,Scary Movie 4,  comedy    horror  ,5.1
361,The Texas Chainsaw Massacre,  horror    crime  ,6.2
362,Fun with Dick and Jane,  comedy    crime  ,6.1
363,TMNT,  animation    comedy    family    fantasy    scifi    action  ,6.2
364,Due Date,  drama    comedy  ,6.5
365,Cop Out,  comedy    thriller    action    crime  ,5.5
368,3 Idiots,  comedy    drama  ,8.4
373,New York Minute,  comedy    crime    family    romance  ,4.8
376,Dreamer: Inspired By a True Story,  drama    family    sport    fantasy  ,6.8
377,Monster House,  fantasy    animation    comedy    family  ,6.6
378,Starsky & Hutch,  comedy    crime  ,6.1
379,Tears of the Sun,  drama    thriller    war    action  ,6.6
382,The Cave,  horror    thriller    scifi    action    european  ,5.1
384,The Texas Chainsaw Massacre: The Beginning,  horror    thriller    documentation  ,5.8
385,I Am Sam,  drama  ,7.6
386,The Spiderwick Chronicles,  fantasy    thriller    action    drama    family  ,6.5
387,Rumor Has It...,  comedy    drama    romance  ,5.5
390,I Now Pronounce You Chuck & Larry,  comedy    romance  ,5.9
392,World Trade Center,  thriller    history    drama  ,6.0
393,Premonition,  thriller    drama    fantasy  ,5.9
395,Eagle Eye,  thriller    action    european  ,6.6
397,Lagaan: Once Upon a Time in India,  drama    romance    sport  ,8.1
398,The Men Who Stare at Goats,  comedy    war  ,6.2
400,Friends with Money,  romance    comedy    drama  ,5.8
401,Legend of the Guardians: The Owls of Ga'Hoole,  fantasy    family    action    war    drama    thriller    animation  ,6.9
406,Death at a Funeral,  comedy  ,5.6
411,Blood and Bone,  thriller    action    crime    drama    sport  ,6.7
412,Ip Man 2,  drama    history    sport    action  ,7.5
414,Like Stars on Earth,  drama    family  ,8.3
418,Felon,  crime    thriller    drama    action  ,7.4
421,Stuart Little 2,  comedy    fantasy    animation    family  ,5.5
424,Did You Hear About the Morgans?,  comedy    romance    drama  ,4.9
429,Chaos,  action    crime    drama    thriller    european  ,6.4
433,Comedian,  comedy    documentation  ,6.9
434,Delta Farce,  action    comedy  ,3.6
435,One Piece: Strong World,  fantasy    animation    action  ,7.5
436,Christmas with the Kranks,  comedy    family  ,5.4
438,Love Happens,  drama    romance  ,5.6
444,Kabhi Khushi Kabhie Gham,  drama    romance  ,7.4
445,Naruto Shippuden the Movie,  fantasy    animation    action    family  ,6.7
447,Trailer Park Boys: The Movie,  comedy    crime  ,7.1
448,Jeff Dunham: Arguing with Myself,  comedy    documentation  ,8.0
449,From Within,  thriller    horror    documentation    war    european  ,5.6
450,Jodhaa Akbar,  romance    history    war    action    drama  ,7.5
451,And Then Came Lola,  comedy    drama    romance  ,3.9
453,Om Shanti Om,  comedy    drama    fantasy    romance    thriller    action  ,6.7
454,Jab We Met,  comedy    drama    romance  ,7.9
457,Bon Cop Bad Cop,  crime    scifi    drama    thriller    action    comedy  ,6.5
458,Naruto: Ninja Clash in the Land of Snow,  comedy    action    animation    fantasy  ,6.6
461,I Will Follow,  drama  ,5.9
462,Alpha and Omega,  animation    romance    comedy    family  ,5.1
463,One Piece: The Desert Princess and the Pirates: Adventure in Alabasta,  drama    comedy    animation    action  ,6.9
465,Waist Deep,  thriller    drama    crime    action  ,5.8
466,Naruto: Guardians of the Crescent Moon Kingdom,  action    animation  ,6.4
467,First Sunday,  comedy    crime    drama  ,4.5
470,My Suicide,  comedy    drama  ,7.0
474,Accident,  thriller  ,6.6
476,Naruto: Legend of the Stone of Gelel,  fantasy    comedy    drama    animation    action  ,6.4
479,Billu,  drama    comedy  ,6.3
484,Dil Chahta Hai,  drama    comedy    romance  ,8.1
485,Trailer Park Boys: Countdown to Liquor Day,  comedy    crime  ,7.3
486,Bleach the Movie: Hell Verse,  fantasy    animation    action  ,7.4
490,Naruto Shippuden the Movie: The Lost Tower,  action    animation    fantasy  ,6.9
491,Naruto Shippuden the Movie: Bonds,  fantasy    animation    action  ,6.8
492,Naruto Shippuden the Movie: The Will of Fire,  action    animation    fantasy  ,7.0
493,Linewatch,  thriller    crime    drama  ,5.4
494,The Boy Who Cried Werewolf,  fantasy    horror    comedy    family  ,5.9
495,Dostana,  drama    comedy    romance  ,6.5
497,Don,  thriller    crime    action    european  ,7.1
501,"One Piece: Episode of Chopper Plus: Bloom in the Winter, Miracle Cherry Blossom",  action    animation    comedy    drama    fantasy  ,7.0
506,Bleach the Movie: Fade to Black,  fantasy    drama    animation    action  ,7.2
507,Rang De Basanti,  comedy    drama    history    crime  ,8.1
509,Swades,  drama    european  ,8.1
514,Kal Ho Naa Ho,  drama    comedy    romance  ,7.9
515,Sivaji: The Boss,  drama    crime    thriller    action  ,7.5
516,Ishqiya,  comedy    thriller    romance    drama  ,7.3
518,Guzaarish,  drama    romance  ,7.4
522,Kabhi Alvida Naa Kehna,  drama    romance  ,6.0
524,Black Friday,  crime    action    drama    history  ,8.4
528,Golmaal Returns,  comedy    crime  ,5.1
531,Bluffmaster!,  drama    comedy    romance    thriller    crime  ,6.6
532,Inuyasha the Movie 4: Fire on the Mystic Island,  fantasy    action    comedy    animation  ,7.2
539,Inuyasha the Movie: Affections Touching Across Time,  action    animation    fantasy  ,7.2
540,Once Upon a Time in Mumbaai,  thriller    crime    drama    romance    action  ,7.4
541,Guru,  romance    documentation    drama    european  ,7.7
542,Main Hoon Na,  drama    romance    thriller    action    comedy  ,7.0
543,Romantik Komedi,  romance    comedy  ,5.3
544,Jeff Dunham's Very Special Christmas Special,  comedy    documentation  ,7.4
545,Paheli,  fantasy    drama    romance    comedy  ,6.3
546,Honeymoon Travels Pvt. Ltd.,  comedy    drama    romance  ,6.1
548,Inuyasha the Movie 3: Swords of an Honorable Ruler,  fantasy    thriller    animation    action  ,7.6
550,Kaminey,  drama    crime    action    thriller  ,7.4
552,Kevin Hart: I'm a Grown Little Man,  comedy    documentation  ,7.5
553,G.O.R.A.,  scifi    comedy  ,8.0
558,"LSD: Love, Sex aur Dhokha",  drama    comedy    crime    romance  ,7.2
562,Chup Chup Ke,  comedy    drama    romance  ,6.9
563,Manorama Six Feet Under,  thriller    crime    drama  ,7.6
568,Karthik Calling Karthik,  thriller    drama    romance  ,7.1
571,Ajab Prem Ki Ghazab Kahani,  action    comedy    romance  ,6.3
572,Dhan Dhana Dhan Goal,  drama    sport    thriller  ,5.0
574,Yuva,  action    drama    thriller  ,7.3
576,Namastey London,  comedy    drama    romance  ,7.1
577,Fashion,  romance    drama  ,6.9
578,Peepli Live,  drama    comedy  ,7.4
579,Lakshya,  drama    romance    war    action  ,7.8
583,Do Dooni Chaar,  drama    comedy    crime  ,7.5
584,Kismat Konnection,  romance    comedy    drama  ,5.3
589,The Figurine (Araromire),  horror    thriller  ,4.4
591,Kurbaan,  thriller    action    crime    drama    romance    sport  ,5.7
593,Inuyasha the Movie 2: The Castle Beyond the Looking Glass,  animation    fantasy    action    romance    comedy  ,7.3
598,Chalte Chalte,  comedy    drama    romance  ,6.5
599,Mumbai Meri Jaan,  drama  ,7.7
600,Aamir,  thriller    action    crime    drama  ,7.6
606,Race,  drama    action    thriller    crime    comedy  ,6.9
607,Udaan,  drama  ,8.1
609,We Are Family,  drama    comedy    family  ,5.6
611,Raajneeti,  drama    thriller    crime  ,7.1
617,Dev.D,  drama    romance    comedy  ,7.9
620,Aagey Se Right,  comedy    crime    drama  ,5.2
627,I Hate Luv Storys,  drama    romance    comedy  ,5.6
629,Welcome to Sajjanpur,  comedy    drama  ,6.9
631,I Am Kalam,  comedy    drama    family  ,8.0
637,Main Aurr Mrs Khanna,  drama    comedy    romance  ,3.5
641,Chance Pe Dance,  drama    music    romance    comedy  ,4.8
651,Shootout at Lokhandwala,  crime    action    history  ,7.1
654,Interview with a Serial Killer,  documentation    crime  ,5.9
658,Dhoondte Reh Jaaoge,  comedy    drama  ,5.6
663,Hattrick,  romance    drama    comedy    sport  ,4.3
664,Harishchandrachi Factory,  comedy    drama  ,8.4
667,What's Your Raashee?,  comedy    drama    romance  ,4.8
684,A Very Special Love,  romance    drama    comedy  ,6.5
692,Chhota Bheem Aur Krishna,  animation    fantasy  ,6.4
701,Hop,  comedy    fantasy    animation    family  ,5.4
702,"Crazy, Stupid, Love.",  romance    comedy    drama  ,7.4
705,Margin Call,  thriller    drama  ,7.1
706,Django Unchained,  western    drama  ,8.4
708,Looper,  thriller    scifi    drama    crime    action  ,7.4
711,Argo,  drama    thriller  ,7.7
713,Midnight in Paris,  fantasy    romance    comedy  ,7.7
716,Warrior,  drama    action    sport  ,8.2
718,Les Misérables,  drama    romance    history    war  ,7.5
720,The Girl with the Dragon Tattoo,  crime    thriller    drama  ,7.8
721,Contagion,  thriller    scifi    action    drama  ,6.8
722,Battleship,  scifi    thriller    action    documentation  ,5.8
723,Killing Them Softly,  crime    thriller    drama  ,6.2
724,Just Go with It,  romance    comedy  ,6.4
725,Dark Shadows,  comedy    fantasy    horror  ,6.2
726,Sherlock Holmes: A Game of Shadows,  crime    thriller    action  ,7.4
727,Silver Linings Playbook,  drama    romance    comedy  ,7.7
730,Sucker Punch,  fantasy    thriller    action  ,6.0
734,Total Recall,  thriller    scifi    crime    action  ,6.2
736,Project X,  comedy  ,6.6
737,Berserk: The Golden Age Arc I - The Egg of the King,  fantasy    war    animation    action    drama    horror  ,7.5
738,Soul Surfer,  drama    family    sport  ,7.0
740,Final Destination 5,  horror    thriller    action    fantasy    documentation    european  ,5.9
741,Puss in Boots,  comedy    animation    family    fantasy    action  ,6.6
742,Savages,  thriller    action    crime    drama  ,6.4
744,Hall Pass,  romance    comedy  ,5.9
747,Rurouni Kenshin Part I: Origins,  drama    war    action    history  ,7.4
748,Unknown,  action    thriller    european  ,6.8
752,The Rite,  drama    thriller    horror  ,6.0
756,Mean Girls 2,  comedy  ,4.1
757,A Very Harold & Kumar Christmas,  comedy    fantasy    romance  ,6.2
762,Red Riding Hood,  fantasy    thriller    horror    drama    romance  ,5.4
765,New Year's Eve,  comedy    romance    documentation  ,5.6
766,The Smurfs,  fantasy    comedy    family    animation  ,5.4
767,Jack and Jill,  comedy    horror  ,3.3
768,Everything Must Go,  comedy    drama  ,6.4
772,One Piece Film: Z,  action    animation    fantasy  ,7.8
774,Arthur Christmas,  drama    animation    family    comedy    fantasy  ,7.1
780,Quartet,  romance    comedy    drama    music  ,6.8
781,Berserk: The Golden Age Arc II - The Battle for Doldrey,  fantasy    drama    horror    animation    action  ,7.7
784,Bill Burr: You People Are All The Same,  comedy  ,8.2
785,Bully,  drama    documentation  ,7.4
789,A Princess for Christmas,  comedy    family    romance    drama  ,6.3
790,Middle of Nowhere,  drama  ,6.5
791,Zindagi Na Milegi Dobara,  comedy    drama  ,8.1
794,Escape from Planet Earth,  comedy    family    scifi    animation  ,5.8
797,Undefeated,  documentation    sport  ,7.7
803,Barfi!,  drama    comedy    romance  ,8.1
809,Joan Rivers: Don't Start with Me,  comedy  ,6.6
812,Naruto Shippuden the Movie: Blood Prison,  horror    thriller    animation    action    fantasy    comedy  ,7.1
815,Tiger & Bunny: The Beginning,  scifi    animation    action  ,6.7
817,Pyaar Ka Punchnama,  romance    comedy    drama    european  ,7.7
818,Big Time Movie,  comedy    family    music  ,6.1
824,Jeff Dunham: Minding the Monsters,  comedy  ,7.0
826,Chillar Party,  drama    comedy    family  ,7.5
828,Kyaa Super Kool Hain Hum,  drama    comedy  ,5.0
832,Rowdy Rathore,  crime    action    comedy  ,5.9
834,OMG: Oh My God!,  fantasy    drama    comedy  ,8.1
835,6 Bullets,  thriller    drama    action    crime  ,6.0
843,Shaitan,  action    crime    thriller    drama  ,7.3
844,Paan Singh Tomar,  drama    sport    thriller    action    crime  ,8.2
847,Game,  thriller    drama    action    crime    european  ,5.2
848,Lavell Crawford: Can a Brother Get Some Love?,  comedy    documentation  ,6.9
850,Arjun: The Warrior Prince,  animation    action    drama  ,6.7
854,Tere Naal Love Ho Gaya,  romance    drama    comedy  ,5.8
855,FRED 3: Camp Fred,  comedy    family  ,2.0
856,Kalakalappu,  comedy  ,6.9
858,Katt Williams: Kattpacalypse,  comedy  ,5.5
859,No One Killed Jessica,  crime    drama    thriller  ,7.2
860,Luv Shuv Tey Chicken Khurana,  comedy  ,6.6
861,Ragini MMS,  horror    drama    thriller  ,5.1
870,Tita Rahiba,  comedy    drama  ,5.2
871,Ek Main Aur Ekk Tu,  drama    comedy    romance  ,5.8
873,Michael,  thriller    drama  ,5.3
874,Bbuddah Hoga Terra Baap,  thriller    action    comedy    crime  ,5.6
875,Shor in the City,  drama    crime  ,7.2
876,Chhota Bheem & Krishna in Mayanagari,  animation    action    fantasy  ,9.0
877,Department,  thriller    action    crime  ,3.2
879,The Mistress,  romance    drama  ,6.3
882,Ferrari Ki Sawaari,  comedy    family    sport    drama  ,6.4
883,Zokkomon,  scifi    fantasy    action    family  ,3.9
888,Aiyyaa,  comedy    romance  ,4.3
889,Blood Money,  drama    thriller    action    crime  ,5.1
897,Chhota Bheem In Dholakpur to Kathmandu,  animation  ,7.8
898,The Rise of Kirmada,  animation  ,8.0
911,My Friend Pinto,  comedy    drama    crime  ,5.3
920,Paddington,  comedy    animation    family    fantasy    european  ,7.2
922,Nightcrawler,  crime    thriller    drama  ,7.8
925,Her,  drama    romance    scifi  ,8.0
926,42,  drama    sport  ,7.5
927,The Imitation Game,  thriller    drama    war  ,8.0
928,The Call,  crime    thriller    drama    horror    european  ,6.7
930,Big Eyes,  drama    documentation    crime    romance  ,7.2
932,Oldboy,  thriller    action    drama  ,5.7
933,Rush,  drama    action    sport    european  ,8.1
935,How to Train Your Dragon 2,  fantasy    comedy    family    animation    action  ,7.8
936,Begin Again,  comedy    music    romance    drama  ,7.4
937,The Conjuring,  thriller    horror  ,7.5
938,Insidious: Chapter 2,  thriller    horror  ,6.5
942,A Walk Among the Tombstones,  drama    thriller    action    crime  ,6.5
943,Olympus Has Fallen,  thriller    action    drama  ,6.5
944,The Giver,  drama    scifi    romance    thriller  ,6.4
948,Creep,  horror    thriller  ,6.3
949,St. Vincent,  comedy    drama  ,7.2
953,The Green Inferno,  horror    thriller  ,5.3
954,Dark Skies,  thriller    horror    scifi    documentation  ,6.3
956,The Frozen Ground,  thriller    drama    crime  ,6.4
959,Empire State,  drama    crime    thriller    action    european  ,5.2
961,Shrek the Musical,  fantasy    family    comedy  ,6.9
962,The Butler,  drama    european  ,7.2
965,Scary Movie 5,  comedy    horror  ,3.5
969,Cloudy with a Chance of Meatballs 2,  comedy    family    fantasy    scifi    drama    animation  ,6.3
973,Penguins of Madagascar,  comedy    animation    family    scifi  ,6.6
975,Texas Chainsaw 3D,  horror    thriller  ,4.8
979,Mr. Peabody & Sherman,  action    family    animation    history    scifi    romance    comedy    fantasy  ,6.8
980,Vampire Academy,  fantasy    horror    thriller    action    comedy    drama  ,5.4
981,"I, Frankenstein",  horror    thriller    scifi    action    fantasy  ,5.1
982,Seventh Son,  fantasy    action  ,5.5
985,Sabotage,  drama    thriller    western    action    crime  ,5.7
987,The Railway Man,  drama    european    war    romance  ,7.1
990,Life of Crime,  comedy    crime  ,5.8
991,Get on Up,  drama    music  ,6.9
993,The November Man,  crime    action    thriller  ,6.3
995,The Nut Job,  comedy    crime    family    animation  ,5.7
997,Brick Mansions,  crime    drama    action    thriller  ,5.6
998,The Big Wedding,  comedy    drama    romance  ,5.6
1002,The Battered Bastards of Baseball,  documentation    sport  ,8.0
1008,The Smurfs 2,  fantasy    animation    comedy    family  ,5.3
1009,Metallica: Through the Never,  music  ,7.1
1010,Walk of Shame,  comedy  ,6.0
1011,Search Party,  comedy  ,5.6
1012,Stand by Me Doraemon,  fantasy    animation    comedy    drama    family    scifi  ,7.3
1013,Thanks for Sharing,  drama    comedy    romance  ,6.4
1017,The Haunting in Connecticut 2: Ghosts of Georgia,  horror    thriller    drama  ,5.2
1020,Elena,  documentation    european    drama    family  ,7.6
1022,Berserk: The Golden Age Arc III - The Advent,  fantasy    action    drama    horror    romance    animation  ,7.8
1025,A Haunted House 2,  comedy    horror    fantasy  ,4.6
1028,We Steal Secrets: The Story of WikiLeaks,  documentation  ,6.9
1029,Effie Gray,  drama    romance  ,6.0
1030,Free Birds,  comedy    family    scifi    animation  ,5.8
1032,The Short Game,  documentation    sport  ,7.3
1033,PK,  comedy    drama    romance    fantasy    scifi  ,8.2
1034,Underdogs,  romance    drama    documentation    sport    animation    family  ,6.5
1035,Jinxed,  fantasy    comedy    family  ,6.4
1037,Swearnet: The Movie,  comedy  ,6.1
1044,Chennai Express,  romance    comedy    drama    action  ,6.1
1058,Haider,  drama    action    crime    thriller  ,8.1
1059,2 States,  comedy    drama    romance  ,6.9
1063,A Fairly Odd Summer,  fantasy    animation    comedy    family  ,4.0
1068,Khoobsurat,  comedy    romance  ,6.5
1069,Monty Python: Live (Mostly),  comedy    documentation  ,7.6
1072,Highway,  drama    crime    romance  ,7.6
1073,Queen,  drama    comedy  ,8.2
1081,Mission Blue,  documentation    drama  ,7.9
1084,ABCD,  drama    music  ,6.3
1086,City of God: 10 Years Later,  documentation  ,6.4
1088,Bombay Talkies,  drama  ,6.6
1092,Ragini MMS 2,  horror  ,3.9
1093,Fukrey,  romance    comedy    drama  ,6.9
1094,Dedh Ishqiya,  drama    romance    thriller    comedy  ,7.0
1095,Hasee Toh Phasee,  comedy    romance  ,6.8
1100,Boss,  action    comedy    crime    drama  ,5.3
1104,Mary Kom,  drama    sport    action  ,6.9
1110,Jim Jefferies: Bare,  comedy  ,8.0
1111,Dabbe 5: Zehr-i Cin,  horror  ,6.0
1117,Humpty Sharma Ki Dulhania,  drama    comedy    romance  ,6.0
1119,The Butterfly's Dream,  drama    history    romance  ,7.8
1120,Jeff Dunham: All Over the Map,  comedy  ,7.1
1123,Ghanchakkar,  thriller    crime    comedy  ,5.8
1133,Inkaar,  drama    romance    thriller  ,6.2
1135,Coming Soon,  drama    comedy    romance  ,7.5
1137,Refugiado,  drama    thriller    european  ,6.4
1139,Wedding Association,  comedy  ,7.1
1142,Madras Cafe,  thriller    action    drama  ,7.7
1143,Deliha,  comedy    family    romance  ,4.5
1146,Ungli,  comedy    drama    thriller    crime  ,5.8
1150,Ghadi,  drama    comedy    family  ,7.3
1152,October 1,  thriller  ,6.4
1154,Satyagraha,  drama    documentation  ,5.9
1166,Raja Natwarlal,  thriller    crime  ,6.1
1172,What the Fish,  drama    comedy  ,5.2
1187,Anaamika,  thriller  ,5.5
1188,Mumbai Delhi Mumbai,  comedy    romance  ,5.7
1203,Gollu Aur Pappu,  comedy  ,3.8
1210,Chhota Bheem Aur Hanuman,  fantasy    animation  ,7.1
1230,Hunt for the Wilderpeople,  comedy    drama    action  ,7.8
1231,Hell or High Water,  western    thriller    action    crime    drama  ,7.6
1234,It Follows,  horror    thriller  ,6.8
1240,Raw,  horror    drama    fantasy    european  ,7.0
1241,Kung Fu Panda 3,  comedy    animation    action    family    fantasy    drama  ,7.1
1242,Ouija: Origin of Evil,  thriller    horror    drama  ,5.3
1244,Nocturnal Animals,  drama    thriller  ,7.5
1245,The Gift,  thriller    drama    documentation  ,7.1
1249,War Dogs,  crime    drama    comedy    war  ,7.1
1250,Blackhat,  thriller    action    crime  ,5.4
1253,The Hateful Eight,  western    crime    drama    thriller  ,7.8
1254,Crimson Peak,  thriller    drama    horror    romance    fantasy  ,6.5
1257,Tangerine,  comedy    drama    crime  ,7.1
1259,Legend,  thriller    crime    drama    european  ,6.9
1267,"Hail, Caesar!",  drama    comedy    music  ,6.3
1271,The Edge of Seventeen,  comedy    drama  ,7.3
1273,Steve Jobs,  drama  ,7.2
1276,A Silent Voice: The Movie,  romance    animation    drama    family  ,8.1
1280,London Has Fallen,  thriller    crime    drama    action  ,5.9
1281,Mr. Right,  comedy    romance    action  ,6.3
1284,Chappie,  scifi    drama    thriller    action    crime  ,6.8
1285,Christine,  drama  ,6.9
1288,Bāhubali: The Beginning,  drama    action    fantasy  ,8.0
1290,Hush,  horror    thriller  ,6.6
1293,The Conjuring 2,  thriller    horror    drama  ,7.3
1295,Gantz:O,  animation    scifi    action    drama    fantasy    thriller    horror  ,7.1
1296,Unfriended,  thriller    horror    drama  ,5.5
1300,In a Valley of Violence,  thriller    western    drama    crime    action  ,6.0
1303,"Hello, My Name Is Doris",  romance    comedy    drama  ,6.6
1307,A Monster Calls,  fantasy    drama    thriller    animation    family    european  ,7.5
1310,Under the Shadow,  thriller    horror    war    drama    fantasy  ,6.8
1312,Loving,  drama    romance  ,7.0
1317,The Danish Girl,  drama    romance    european  ,7.1
1318,He Never Died,  horror    fantasy    drama    thriller    comedy  ,6.4
1319,Home,  fantasy    scifi    comedy    family    animation  ,6.6
1322,Before I Wake,  drama    fantasy    horror    thriller  ,6.2
1324,The Fundamentals of Caring,  drama    comedy  ,7.3
1327,Batman: The Killing Joke,  drama    crime    thriller    animation    action  ,6.4
1328,Cop Car,  thriller    crime  ,6.3
1329,Bastille Day,  action    drama    thriller    crime  ,6.3
1330,Sinister 2,  horror    thriller  ,5.3
1334,American Ultra,  comedy    action    scifi  ,6.1
1336,Spectral,  scifi    action    thriller  ,6.3
1338,"Crouching Tiger, Hidden Dragon: Sword of Destiny",  drama    fantasy    action  ,6.1
1343,The Bye Bye Man,  thriller    fantasy    horror    drama  ,4.3
1345,Beasts of No Nation,  war    drama  ,7.7
1348,Self/less,  scifi    thriller    action    drama  ,6.5
1349,Collateral Beauty,  drama    romance  ,6.7
1356,The Forest,  thriller    scifi    drama    fantasy    horror  ,4.8
1357,Demonic,  thriller    horror  ,5.3
1360,Hyena Road,  thriller    action    drama    war  ,6.5
1364,Ip Man 3,  drama    action    history  ,7.0
1372,ARQ,  scifi    thriller    action  ,6.3
1374,Ratchet & Clank,  action    animation    comedy    family    scifi    fantasy  ,5.5
1375,Dangal,  action    drama    sport  ,8.4
1377,Pee-wee's Big Holiday,  comedy    family  ,6.1
1383,The Young Messiah,  drama    fantasy  ,5.6
1387,Marauders,  thriller    action    crime  ,5.5
1391,Our Brand Is Crisis,  comedy    drama  ,6.1
1392,The Ridiculous 6,  western    action    comedy  ,4.8
1393,Special Correspondents,  comedy  ,5.8
1394,Jem and the Holograms,  fantasy    drama    family    music    romance    scifi  ,4.1
1396,Mindhorn,  comedy    thriller  ,6.3
1397,The Do-Over,  action    comedy  ,5.7
1404,Suffragette,  drama    history  ,6.9
1411,By the Sea,  drama    european    romance  ,5.3
1420,Results,  comedy    romance  ,5.4
1425,Legends of the Hidden Temple,  family  ,5.7
1431,Message from the King,  thriller    drama    action    crime    european  ,6.4
1436,Sleight,  thriller    crime    drama    scifi    action  ,5.9
1438,Middle School: The Worst Years of My Life,  comedy    family    animation  ,6.0
1440,Rock the Kasbah,  comedy    music    war  ,5.5
1448,Kevin Hart: What Now?,  comedy    documentation  ,5.9
1449,Extraction,  thriller    action  ,4.1
1451,The Warriors Gate,  action    comedy    family    fantasy    european  ,5.4
1454,Incarnate,  horror    thriller  ,5.2
1456,Term Life,  thriller    action    crime    drama  ,5.6
1458,Drishyam,  thriller    crime    drama  ,8.2
1460,John Mulaney: The Comeback Kid,  comedy    documentation  ,7.9
1471,True Memoirs of an International Assassin,  action    comedy    crime  ,5.9
1473,The Darkness,  thriller    horror  ,4.5
1485,Pandora,  drama    action    thriller  ,6.6
1486,Ok Kanmani,  drama    romance  ,7.5
1501,Kapoor & Sons,  romance    comedy    drama    family  ,7.7
1510,Septembers of Shiraz,  drama    thriller    western  ,7.9
1518,Brothers,  drama    action    sport  ,6.4
1536,Heneral Luna,  action    drama    history    war  ,7.4
1538,Mucize,  drama    comedy    romance    documentation    european  ,7.7
1543,Gabriel Iglesias: I'm Sorry for What I Said When I Was Hungry,  comedy    documentation  ,7.4
1545,Jim Jefferies: Freedumb,  comedy    documentation  ,7.7
1546,Force 2,  crime    action    thriller  ,6.2
1550,Tamasha,  drama    comedy    romance  ,7.4
1554,Strange Weather,  drama  ,6.0
1561,The Guardian Brothers,  animation    family    fantasy    comedy  ,5.4
1571,Udta Punjab,  crime    action    drama  ,7.8
1573,Toro,  thriller    action    crime    drama    european  ,5.9
1574,Jeff Dunham: Unhinged in Hollywood,  comedy  ,6.7
1576,Hunterrr,  romance    drama    comedy  ,7.0
1579,Keith Richards: Under the Influence,  music    documentation  ,7.1
1586,4K Fireplace,  family    reality  ,7.7
1590,Smoke & Mirrors,  thriller    european  ,6.9
1603,The Lion Woman,  drama    european  ,6.6
1605,The Beginning of Life,  documentation    family  ,7.6
1606,Pyaar Ka Punchnama 2,  comedy    drama    romance  ,7.3
1622,Gridlocked,  action  ,5.8
1625,Chocolate City: Vegas Strip,  drama  ,3.7
1634,Ali Baba and the 7 Dwarfs,  comedy    action    drama  ,5.8
1636,Talvar,  thriller    crime    drama  ,8.1
1637,"Liar, Liar, Vampire",  comedy    family  ,5.8
1639,Dil Dhadakne Do,  drama    comedy    romance  ,7.0
1640,Wazir,  thriller    crime    action    drama  ,7.2
1645,1898: Our Last Men in the Philippines,  drama    history    war    european  ,6.5
1653,Gabbar Is Back,  drama    action    crime    comedy  ,7.2
1655,Jonah,  thriller    drama    romance    family  ,5.4
1657,Motu Patlu: King Of Kings,  animation    comedy  ,6.8
1663,Puerto Ricans in Paris,  comedy  ,5.3
1671,ABCD 2,  music    drama  ,5.4
1680,Te3n,  thriller    drama  ,7.3
1686,U Turn,  horror    thriller    crime    drama  ,7.5
1690,Poshter Girl,  comedy  ,6.6
1692,Shaandaar,  romance    drama    comedy  ,3.6
1695,Hawaizaada,  fantasy    drama  ,5.6
1697,Very Big Shot,  thriller    action    crime    drama  ,7.1
1699,X: Past Is Present,  drama    thriller    romance  ,5.1
1704,Hannibal Buress: Comedy Camisado,  comedy  ,6.6
1706,Bangistan,  comedy    drama  ,4.5
1709,Kiss of Life,  comedy    romance    drama  ,5.9
1711,S Storm,  action    thriller    crime    drama  ,5.2
1716,Husband Factor,  comedy    fantasy    romance    drama  ,6.2
1725,Husband Factor: Resurrection,  comedy    family    romance    drama    fantasy  ,5.4
1734,Wedding Association 2: Circumcision,  comedy  ,6.4
1740,Niyazi Gül Dörtnala,  comedy    drama    action  ,4.5
1742,My Mother's Wound,  drama    war  ,7.3
1753,Dedemin Fişi,  comedy    family  ,5.5
1765,Souk Bazaar,  comedy  ,5.2
1766,Dharam Sankat Mein,  comedy    drama  ,6.3
1775,Kara Bela,  comedy    action    drama  ,6.8
1781,Sommore: The Reign Continues,  comedy  ,6.9
1789,Chris D'Elia: Incorrigible,  comedy    documentation  ,6.4
1797,'76,  romance    drama  ,5.6
1807,Snervous Tyler Oakley,  documentation  ,5.4
1810,A Chaster Marriage,  romance    family    comedy  ,5.4
1812,Hajwala: The Missing Engine,  drama    thriller    action    crime    sport  ,2.1
1823,Jada,  drama    sport  ,5.3
1827,Blade Runner 2049,  scifi    thriller    action    drama  ,8.0
1829,Sorry to Bother You,  fantasy    scifi    drama    comedy  ,6.9
1830,Dunkirk,  drama    history    thriller    war    action    european  ,7.8
1831,Wind River,  thriller    crime    drama    western  ,7.7
1832,Molly's Game,  drama    crime    sport  ,7.4
1836,Den of Thieves,  thriller    action    crime    drama  ,7.0
1838,Phantom Thread,  romance    drama  ,7.4
1845,Lady Bird,  drama    comedy  ,7.4
1847,The Ritual,  horror    thriller  ,6.3
1853,Darkest Hour,  drama    war    history    thriller    family  ,7.4
1859,The Nightingale,  thriller    drama    horror  ,7.3
1865,The Disaster Artist,  comedy    drama  ,7.3
1868,Ghostland,  horror    thriller    drama    european  ,6.4
1871,The Ballad of Buster Scruggs,  western    comedy    drama    romance  ,7.3
1872,Okja,  drama    scifi    action  ,7.3
1874,The Bad Batch,  drama    action    horror    romance    scifi  ,5.2
1882,Shot Caller,  thriller    crime    drama  ,7.3
1884,The Shack,  fantasy    drama  ,6.2
1889,Roma,  drama    european  ,7.7
1891,Crooked House,  drama    crime  ,6.3
1893,The Beguiled,  drama    documentation    war    thriller  ,6.8
1898,What Happened to Monday,  thriller    drama    action    crime    fantasy    scifi  ,6.8
1899,The Foreigner,  thriller    action    crime    drama    european  ,7.0
1900,Apostle,  thriller    horror    drama    fantasy  ,6.3
1902,The Package,  comedy    drama    thriller  ,5.5
1905,Mary Magdalene,  drama  ,5.9
1910,The Invisible Guest,  thriller    crime    drama    european  ,8.0
1911,The Cloverfield Paradox,  thriller    horror    scifi    drama    action  ,5.5
1914,Abducted in Plain Sight,  crime    documentation    thriller    drama  ,6.8
1915,Annabelle: Creation,  horror    thriller  ,6.5
1923,I Am Not Your Negro,  documentation    history    european  ,7.9
1926,Bird Box,  thriller    drama    horror    scifi  ,6.6
1928,The Zookeeper's Wife,  drama    war    history  ,7.0
1931,Outlaw King,  drama    action    history    war  ,6.9
1933,Veronica,  horror  ,6.2
1936,Beirut,  thriller    action    crime    drama  ,6.4
1937,The Night Comes for Us,  thriller    action  ,6.9
1940,Destination Wedding,  romance    comedy    drama  ,6.0
1946,The Babysitter,  horror    comedy  ,6.4
1947,When We First Met,  fantasy    comedy    romance  ,6.4
1948,Extinction,  drama    thriller    scifi    action  ,5.8
1949,To All the Boys I've Loved Before,  romance    comedy    drama  ,7.1
1954,Everybody Knows,  drama    crime    thriller    european  ,6.9
1962,Home Again,  drama    romance    comedy  ,5.8
1963,Mudbound,  drama    war  ,7.4
1964,The Book of Henry,  thriller    crime    drama  ,6.5
1972,Berlin Syndrome,  thriller    horror    drama  ,6.2
1973,Anon,  scifi    drama    action    crime    thriller    european  ,6.1
1975,Replicas,  thriller    drama    scifi  ,5.5
1976,Private Life,  drama    comedy  ,7.2
1977,Beyond Skyline,  scifi    thriller    horror    action  ,5.3
1979,Mirai,  fantasy    animation    drama    family  ,7.0
1985,King of Thieves,  drama    crime    history  ,5.5
1989,Black Mirror: Bandersnatch,  scifi    thriller    fantasy    drama  ,7.1
1993,RBG,  documentation  ,7.6
1998,The Kindergarten Teacher,  drama    thriller    european  ,6.7
1999,Wheelman,  thriller    crime    action  ,6.4
2000,Mirage,  thriller    drama    documentation    fantasy    music    romance    european  ,7.4
2001,Set It Up,  comedy    romance  ,6.5
2002,An Evening with Beverly Luff Linn,  crime    comedy  ,5.8
2007,Little Italy,  romance    comedy  ,5.7
2010,The Outsider,  crime    thriller    action    drama  ,6.2
2014,Banana Split,  comedy  ,6.2
2017,Creep 2,  horror    thriller    crime    drama  ,6.4
2018,Dumplin',  comedy    drama  ,6.5
2021,Red Joan,  thriller    drama    history    romance  ,6.4
2022,Mute,  thriller    drama    scifi  ,5.4
2024,Hell Fest,  horror    thriller  ,5.5
2025,Small Town Crime,  thriller    crime  ,6.6
2026,Adrift,  thriller    drama    romance    action    european  ,6.6
2029,Happy as Lazzaro,  fantasy    drama    european  ,7.5
2030,A Bad Moms Christmas,  comedy  ,5.6
2031,A-X-L,  scifi    family    thriller    action    drama  ,5.3
2032,The Other Side of the Wind,  drama    european  ,6.7
2038,22 July,  thriller    history    crime    drama    european  ,6.8
2040,Victoria & Abdul,  drama    history  ,6.8
2042,May the Devil Take You,  thriller    horror  ,5.9
2049,Death Note,  fantasy    horror    thriller    action    crime    drama  ,4.5
2051,Bright,  thriller    fantasy    action    crime    scifi  ,6.3
2063,"Game Over, Man!",  comedy    action  ,5.4
2065,Piercing,  thriller    horror  ,5.5
2070,Mowgli: Legend of the Jungle,  drama    fantasy  ,6.5
2073,Goon: Last of the Enforcers,  comedy    sport  ,5.8
2077,Ricky Gervais: Humanity,  comedy  ,7.9
2078,Trolls Holiday,  fantasy    comedy    family    romance    animation  ,6.2
2084,Siberia,  thriller    european    crime    romance  ,4.3
2086,Woodshock,  thriller    horror    drama    fantasy  ,4.2
2087,War Machine,  drama    comedy    war  ,6.0
2088,Illang: The Wolf Brigade,  thriller    drama    action    scifi  ,5.9
2089,Security,  crime    thriller    action    european  ,5.7
2094,Clive Davis: The Soundtrack of Our Lives,  music    documentation  ,7.5
2103,We the Animals,  drama  ,6.9
2105,Welcome Home,  thriller    horror    drama  ,5.2
2106,Midnight Sun,  drama    romance    european  ,6.6
2108,Tau,  thriller    scifi  ,5.8
2109,Brain on Fire,  drama    european  ,6.6
2114,Bathtubs Over Broadway,  comedy    music    documentation  ,7.6
2121,The Long Dumb Road,  comedy  ,6.1
2133,John Mulaney: Kid Gorgeous at Radio City,  comedy  ,7.9
2136,Andhadhun,  thriller    music    drama    comedy    crime  ,8.2
2147,Day of the Dead: Bloodline,  horror    drama    scifi    thriller    action    european  ,3.4
2151,First They Killed My Father,  drama    history    war  ,7.2
2152,The Titan,  thriller    fantasy    scifi    drama    romance  ,4.8
2157,Animal Crackers,  comedy    animation    family    fantasy  ,5.8
2164,The Resurrection of Gavin Stone,  drama    family    romance    comedy  ,6.2
2167,Bad Genius,  thriller    comedy    crime    drama  ,7.6
2170,Godzilla: The Planet Eater,  animation    action    scifi    horror  ,5.0
2171,Blame!,  scifi    thriller    animation    action    drama  ,6.6
2173,Bullet Head,  thriller    crime    drama    european  ,5.4
2177,The Photographer of Mauthausen,  thriller    drama    war    history    european  ,6.7
2186,Godzilla: Planet of the Monsters,  scifi    animation    action  ,6.0
2189,Girl,  drama    european  ,7.1
2190,Acts of Vengeance,  thriller    action    drama    crime    european  ,5.7
2193,Bleach,  fantasy    action  ,6.4
2200,Birth of the Dragon,  drama    action  ,5.6
2205,Fullmetal Alchemist,  fantasy    scifi    action  ,5.2
2209,Benji,  crime    drama    family  ,6.3
2211,White Fang,  animation    drama    western    european  ,6.9
2214,The Resistance Banker,  drama    war    european  ,6.9
2232,The Battleship Island,  action    drama    history  ,7.1
2238,Lu Over the Wall,  fantasy    animation    family    music    comedy  ,6.8
2241,Hampstead,  comedy    romance    drama  ,6.0
2242,Reprisal,  action    thriller    crime    drama  ,4.2
2243,Like Father,  comedy    drama  ,6.1
2252,MFKZ,  crime    scifi    thriller    animation    action    comedy    european  ,6.7
2259,The Christmas Chronicles,  fantasy    family    comedy  ,7.0
2264,Patrick,  comedy    drama    family    romance  ,6.2
2265,The Ottoman Lieutenant,  drama    war  ,6.4
2271,The World Is Yours,  crime    comedy    european  ,6.3
2276,Next Gen,  animation    action    family    scifi    comedy  ,6.6
2277,The Saint,  crime    action  ,4.9
2278,Voyeur,  documentation    crime    drama  ,6.2
2295,Fun Mom Dinner,  comedy  ,5.3
2304,Te Ata,  drama    history  ,7.4
2306,Indian Horse,  drama    sport  ,7.3
2308,The Forgiven,  thriller  ,5.9
2323,Modest Heroes,  fantasy    animation    drama    family    comedy  ,6.6
2326,Mercury 13,  documentation  ,6.9
2330,Godzilla: City on the Edge of Battle,  scifi    animation    action  ,5.8
2334,The Outcasts,  comedy  ,5.4
2341,Adam Sandler: 100% Fresh,  comedy    music  ,7.5
2343,An Imperfect Murder,  crime    drama    thriller  ,3.1
2346,Gnome Alone,  fantasy    family    drama    comedy    thriller    music    animation  ,5.6
2355,The Week Of,  comedy  ,5.2
2361,Taylor Swift: Reputation Stadium Tour,  documentation    music  ,8.3
2362,Toc Toc,  comedy    family    fantasy    european  ,6.8
2363,John Leguizamo's Latin History for Morons,  comedy    documentation  ,7.4
2369,Giant,  drama    history    european  ,6.7
2375,Flavors of Youth,  drama    animation    romance  ,6.6
2383,Monster High: Electrified,  animation    fantasy  ,5.5
2387,Perdida,  crime    drama    thriller  ,5.6
2392,S.W.A.T.: Under Siege,  thriller    crime    action  ,4.5
2398,Whose Streets?,  documentation  ,5.5
2404,Alex Strangelove,  drama    comedy    romance  ,6.3
2405,Lowriders,  drama    crime  ,5.6
2412,Justice,  western    drama    action    european  ,4.0
2415,Tom Segura: Disgraceful,  comedy    documentation  ,7.5
2417,Sierra Burgess Is a Loser,  drama    romance    comedy  ,5.8
2419,Battle,  drama    romance    music    european  ,5.9
2420,The Seven Deadly Sins: Prisoners of the Sky,  fantasy    animation    action  ,7.1
2426,Okko's Inn,  comedy    fantasy    animation    family    drama  ,7.0
2431,A Christmas Prince,  romance    comedy    family  ,5.7
2437,Killing Hasselhoff,  comedy  ,4.4
2439,Thi Mai,  comedy    family    european  ,6.0
2443,Yucatán,  comedy    romance    european  ,5.5
2460,The B-Side: Elsa Dorfman's Portrait Photography,  documentation  ,6.7
2461,A Very Country Christmas,  romance    drama    family    comedy  ,6.0
2468,Show Dogs,  comedy    crime    family  ,3.9
2469,Escape from Mr. Lemoncello's Library,  fantasy    family  ,5.4
2472,Amateur,  drama    sport  ,5.9
2474,Fireworks,  drama    documentation    fantasy    romance    scifi    family    animation  ,5.6
2476,Pachamama,  fantasy    animation    family    european  ,6.8
2478,Lust Stories,  romance    drama  ,6.4
2479,All I Wish,  comedy    drama    romance  ,5.2
2483,The Clapper,  comedy    drama  ,5.1
2493,Raees,  thriller    drama    action    crime  ,6.7
2496,Animal World,  thriller    action    fantasy    scifi    comedy    drama  ,6.5
2516,Nappily Ever After,  comedy    drama    romance  ,6.4
2523,Maktub,  drama    comedy  ,7.3
2535,Shepherds and Butchers,  drama    crime  ,6.8
2543,Pope Francis: A Man of His Word,  documentation    european  ,6.4
2547,Budapest,  comedy    european  ,5.4
2576,Point Blank,  action    thriller    crime    drama  ,5.7
2578,The Princess Switch,  romance    comedy    drama    family  ,6.0
2581,My Perfect Romance,  romance  ,4.6
2585,A Witches' Ball,  fantasy    scifi    family    comedy  ,5.2
2586,Ittefaq,  thriller    crime  ,7.2
2592,Going for Gold,  drama    family    sport  ,4.8
2604,Duck Duck Goose,  comedy    family    animation  ,5.7
2605,Revenger,  action    crime    thriller  ,5.7
2615,Edge of Fear,  thriller    crime    action  ,4.5
2617,Nothing to Lose,  drama  ,2.3
2621,Expedition Happiness,  documentation    european  ,5.9
2624,Step Sisters,  comedy  ,5.4
2625,Dovlatov,  drama  ,6.4
2629,SPF-18,  romance    drama    sport  ,3.2
2637,A Christmas Prince: The Royal Wedding,  romance    drama  ,5.3
2641,Trevor Noah: Son of Patricia,  comedy  ,7.3
2642,Raising the Bar,  drama    family    documentation    sport  ,5.5
2643,Pup Star: Better 2Gether,  family  ,4.4
2644,Jab Harry Met Sejal,  romance    comedy    drama  ,5.0
2648,Pihu,  thriller    drama    family  ,6.7
2680,Jagga Jasoos,  romance    action    comedy  ,6.4
2681,Candy Jar,  comedy  ,5.8
2682,Christmas Wedding Planner,  romance  ,4.3
2688,The Insomnia Club,  comedy    drama  ,6.2
2702,Trevor Noah: Afraid of the Dark,  comedy  ,7.2
2717,Sara's Notebook,  thriller    drama    european  ,5.9
2724,Love Beats Rhymes,  drama  ,5.4
2741,Monster Island,  comedy    fantasy    animation    family  ,4.7
2760,A Champion Heart,  family  ,5.9
2767,The Mansion,  horror    comedy    european  ,4.6
2774,In the Family,  comedy  ,7.7
2793,Sudani from Nigeria,  comedy    drama    family    sport  ,8.2
2796,Njan Prakashan,  comedy    drama  ,7.6
2814,C/o Kancharapalem,  drama  ,9.0
2816,Coin Heist,  crime    thriller    drama    romance  ,4.8
2830,Overnight Republic,  comedy  ,5.8
2835,Love Jacked,  comedy    romance  ,5.9
2843,Ladies First,  documentation    comedy    romance  ,3.9
2845,Sunday's Illness,  drama    european  ,6.9
2851,Born Racer,  drama    action    documentation  ,6.1
2854,Kevin James: Never Don't Give Up,  comedy  ,6.1
2860,Cook Off,  comedy    romance  ,6.1
2872,Fishtronaut: The Movie,  animation    family  ,7.5
2875,Pad Man,  comedy    drama  ,7.9
2879,My Travel Buddy,  comedy  ,6.1
2887,Superlopez,  comedy    scifi    action    european  ,5.4
2888,The Birth Reborn 2,  documentation  ,6.6
2890,Soorma,  drama    sport  ,7.4
2895,Bygones Be Bygones,  comedy  ,6.2
2915,Mubarakan,  drama    comedy    romance  ,5.6
2919,Tattoo of Revenge,  thriller    comedy    romance  ,4.9
2922,Neevevaro,  thriller    action    drama    romance  ,6.9
2926,Judah Friedlander: America Is the Greatest Country in the United States,  comedy    documentation  ,7.8
2943,Freej Al Taibeen,  comedy    sport  ,5.8
2959,Night of Knots,  comedy  ,5.4
2965,Poster Boys,  comedy  ,5.5
2981,Deliha 2,  comedy  ,4.7
2984,DreamWorks Home: For the Holidays,  fantasy    comedy    family    scifi    animation  ,4.9
2997,Turkish Dance School,  drama    comedy  ,5.7
2999,Vanjagar Ulagam,  thriller    action    crime    drama  ,6.0
3001,Luciano Mellera: Infantiloide,  comedy  ,7.5
3002,My Travel Buddy 2,  comedy  ,5.8
3008,Teefa in Trouble,  drama    comedy    crime    romance    action  ,7.3
3021,Fantastica,  fantasy    comedy  ,3.6
3029,Penalty Kick,  comedy  ,3.7
3033,"Love, Surreal and Odd",  comedy    romance  ,5.6
3038,Puppy Star Christmas,  family    comedy  ,3.6
3052,Pup Star: World Tour,  comedy    family  ,3.8
3057,DeRay Davis: How to Act Black,  comedy  ,6.1
3067,Adel Karam: Live from Beirut,  comedy  ,5.5
3074,Coco y Raulito: Carrusel de ternura,  comedy  ,6.6
3084,Good Game: The Beginning,  comedy    drama    sport  ,4.4
3098,Lilli,  thriller  ,5.7
3101,Enissa Amani: Ehrenwort,  comedy    european  ,5.5
3120,Dhh,  drama    family  ,7.9
3135,Kanavu Variyam,  scifi    family    drama  ,6.4
3145,Vir Das: Losing It,  comedy  ,7.0
3146,What Did I Mess,  romance    comedy  ,7.1
3155,Pandigai,  thriller    action    romance  ,6.3
3157,Hajwala 2: Mysterious Mission,  action    comedy  ,4.0
3169,Elf Pets: Santa's St. Bernards Save Christmas,  animation    fantasy  ,5.3
3179,The Gentlemen,  comedy    crime    action  ,7.8
3187,The Rental,  thriller    drama    horror  ,5.7
3188,Uncut Gems,  drama    thriller    comedy    crime  ,7.4
3205,Rambo: Last Blood,  thriller    western    action  ,6.1
3207,Freaks,  scifi    thriller    drama  ,6.7
3208,The King,  drama    history    romance    war  ,7.3
3210,I'm Thinking of Ending Things,  thriller    fantasy    drama  ,6.6
3213,The Devil All the Time,  drama    thriller    crime    horror  ,7.1
3216,The Irishman,  drama    crime    history    thriller  ,7.8
3217,Synchronic,  horror    scifi    thriller    drama  ,6.2
3218,Hillbilly Elegy,  drama  ,6.7
3221,21 Bridges,  action    drama    crime    thriller  ,6.6
3223,Marriage Story,  drama    romance    comedy  ,7.9
3224,The Trial of the Chicago 7,  drama    history    thriller  ,7.7
3229,El Camino: A Breaking Bad Movie,  thriller    drama    crime    action  ,7.3
3230,Eurovision Song Contest: The Story of Fire Saga,  comedy    music  ,6.5
3235,In the Shadow of the Moon,  thriller    crime    scifi  ,6.2
3238,Summerland,  romance    drama    war  ,7.0
3240,The Social Dilemma,  drama    documentation  ,7.6
3245,Mank,  comedy    drama  ,6.8
3246,6 Underground,  action    thriller    comedy  ,6.1
3247,I Care a Lot,  comedy    crime    drama    thriller  ,6.3
3260,Always Be My Maybe,  romance    comedy  ,6.8
3261,Enola Holmes,  crime    drama    action  ,6.6
3262,Scary Stories to Tell in the Dark,  horror    thriller  ,6.2
3264,Triple Frontier,  thriller    action    crime    drama  ,6.4
3265,Fast Color,  thriller    drama    scifi  ,6.0
3266,The Midnight Sky,  drama    scifi    thriller    fantasy  ,5.6
3267,Official Secrets,  thriller    crime    drama    war    romance  ,7.3
3270,I Am Mother,  scifi    thriller    horror    drama  ,6.7
3274,The Old Guard,  fantasy    action    thriller  ,6.6
3277,The Outpost,  drama    action    history    war  ,6.8
3279,Extraction,  thriller    crime    drama    action  ,6.7
3283,Occupation: Rainfall,  action    scifi  ,5.6
3285,"Extremely Wicked, Shockingly Evil and Vile",  crime    drama    thriller  ,6.7
3290,The Old Ways,  fantasy    thriller    drama    horror  ,5.4
3291,The Half of It,  comedy    romance    drama  ,6.9
3292,After,  drama    romance  ,5.2
3293,Dolemite Is My Name,  comedy    drama  ,7.2
3298,The Paper Tigers,  comedy    action  ,6.3
3299,Pieces of a Woman,  drama  ,7.0
3302,Jiu Jitsu,  fantasy    action    scifi    thriller    comedy  ,2.9
3305,The Wind,  western    thriller    horror  ,5.5
3307,Five Feet Apart,  romance    drama  ,7.2
3310,Murder Mystery,  comedy    action    crime    romance  ,6.0
3311,The Water Man,  action    drama    family    fantasy    thriller  ,5.4
3312,Rebecca,  thriller    romance    drama  ,6.0
3318,Fractured,  thriller  ,6.4
3319,Da 5 Bloods,  war    drama  ,6.5
3325,The Highwaymen,  thriller    crime    drama  ,6.9
3328,The Dirt,  drama    music    comedy  ,6.9
3330,Ava,  drama    thriller    action    crime  ,5.4
3335,The Night Clerk,  thriller    crime    drama    romance  ,5.5
3336,Ma Rainey's Black Bottom,  music    drama  ,6.9
3338,Polar,  action    crime    drama    thriller    european  ,6.3
3340,"Yes, God, Yes",  comedy    drama  ,6.1
3341,The Prom,  comedy    drama    music  ,5.9
3344,We Summon the Darkness,  horror    thriller    music    comedy  ,5.2
3346,Someone Great,  romance    comedy  ,6.2
3349,Sweetheart,  horror    thriller    scifi    drama    fantasy  ,5.8
3351,The Wrong Missy,  comedy    romance  ,5.7
3352,David Attenborough: A Life on Our Planet,  documentation  ,9.0
3353,Skylines,  scifi    action  ,4.7
3354,The Laundromat,  drama    comedy    crime    history  ,6.3
3357,Over the Moon,  family    fantasy    scifi    romance    animation    comedy  ,6.3
3358,The Two Popes,  drama    comedy    history  ,7.6
3363,IO,  scifi    romance    drama  ,4.7
3365,Velvet Buzzsaw,  thriller    horror    comedy  ,5.7
3368,The Occupant,  thriller    european    drama  ,6.4
3374,The Red Sea Diving Resort,  thriller    drama    history  ,6.6
3376,Crip Camp: A Disability Revolution,  documentation    history  ,7.7
3379,The Wandering Earth,  scifi    drama    action    thriller  ,5.9
3382,Wine Country,  comedy    drama  ,5.4
3387,The Silence,  horror    thriller    fantasy    drama    scifi    comedy    european  ,5.3
3393,A Shaun the Sheep Movie: Farmageddon,  comedy    animation    family    fantasy    scifi  ,6.8
3397,Atlantics,  fantasy    drama    romance  ,6.7
3402,Spenser Confidential,  thriller    comedy    crime    action    drama  ,6.2
3403,Doom: Annihilation,  scifi    horror    thriller    action  ,3.7
3414,Ip Man 4: The Finale,  drama    history    action  ,7.0
3415,Ophelia,  drama    history    romance    thriller    war  ,6.6
3416,After We Collided,  romance    drama  ,5.0
3423,Dick Johnson Is Dead,  documentation    drama  ,7.4
3424,American Murder: The Family Next Door,  crime    documentation  ,7.2
3425,Rust Creek,  thriller    crime    drama    horror  ,5.9
3430,Eli,  horror    thriller    drama  ,5.8
3435,Klaus,  comedy    family    animation    european  ,8.1
3437,Fatima,  drama    war  ,6.6
3438,Sword of Trust,  comedy    drama  ,6.3
3442,The Last Thing He Wanted,  drama    thriller    crime  ,4.3
3447,The Vanished,  thriller    crime    action  ,5.7
3459,Concrete Cowboy,  western    drama  ,6.3
3463,Charlie Says,  crime    drama    documentation  ,5.9
3474,Lost Girls,  thriller    crime    drama  ,6.1
3475,We Can Be Heroes,  fantasy    comedy    family    action    drama  ,4.7
3478,Violet Evergarden: The Movie,  fantasy    romance    animation    drama  ,8.3
3482,Paddleton,  drama    comedy  ,7.1
3485,Vampires vs. the Bronx,  comedy    horror  ,5.7
3495,The Life Ahead,  drama    european  ,6.8
3504,Project Power,  action    crime    scifi    thriller  ,6.0
3510,Rim of the World,  comedy    scifi    action  ,5.2
3513,Death of Me,  horror    thriller  ,4.4
3516,The Best of Enemies,  drama    history  ,7.3
3520,Hubie Halloween,  thriller    horror    fantasy    comedy  ,5.2
3524,Ala Vaikunthapurramuloo,  drama    action    comedy  ,7.5
3526,Unbreakable Kimmy Schmidt: Kimmy vs. the Reverend,  comedy    romance    scifi  ,7.0
3536,Ride Like a Girl,  drama    sport  ,7.0
3537,Miss Americana,  documentation    music  ,7.4
3538,Dave Chappelle: Sticks & Stones,  comedy  ,8.4
3540,The Babysitter: Killer Queen,  horror    comedy  ,5.8
3541,To All the Boys: P.S. I Still Love You,  romance    comedy    drama  ,6.0
3542,The Forty-Year-Old Version,  comedy    drama  ,7.2
3544,Triple Threat,  thriller    action  ,5.6
3545,The Willoughbys,  comedy    animation    drama    family    fantasy  ,6.3
3550,Tall Girl,  comedy    drama    family    romance  ,5.2
3563,2 Hearts,  romance    drama  ,6.2
3566,Audrey,  documentation    history  ,7.1
3569,Wasp Network,  drama    thriller    crime  ,5.9
3573,Ghosts of War,  horror    thriller    fantasy    war  ,5.5
3577,The Perfect Date,  romance    comedy  ,5.8
3579,Bigfoot Family,  animation    action    family  ,5.8
3581,Barbie: Princess Adventure,  music    animation    family  ,5.4
3583,This Changes Everything,  documentation  ,7.6
3588,Friendsgiving,  comedy    drama  ,4.4
3589,Poms,  comedy    drama    sport  ,6.0
3594,Close,  thriller    action    drama  ,5.7
3595,Making The Witcher,  documentation  ,6.8
3602,Stand by Me Doraemon 2,  animation    comedy    drama    family    fantasy    scifi  ,7.7
3605,Cuties,  drama    european  ,3.3
3613,Pokémon: Mewtwo Strikes Back - Evolution,  animation    action    fantasy    family  ,5.7
3615,The Stand In,  comedy    drama  ,4.7
3616,The Boys in the Band,  drama  ,6.8
3620,Let It Snow,  comedy    romance  ,5.8
3621,The Decline,  thriller    action  ,6.0
3630,Lying and Stealing,  crime    drama    comedy  ,5.4
3634,Becoming,  documentation  ,6.8
3639,Athlete A,  documentation    crime    sport  ,7.6
3650,The Lost Husband,  romance    drama  ,6.1
3655,The Wedding Guest,  thriller  ,5.8
3658,Then Came You,  comedy    drama  ,6.9
3669,Otherhood,  comedy  ,6.1
3671,Jingle Jangle: A Christmas Journey,  music    family    fantasy  ,6.5
3683,Inside Man: Most Wanted,  thriller    action    crime  ,5.6
3705,Earthquake Bird,  romance    thriller    crime    drama  ,5.9
3709,Cut Throat City,  crime    thriller    action    drama  ,4.8
3711,Tigertail,  drama  ,6.6
3713,Knock Down the House,  documentation  ,7.1
3731,Freaks – You're One of Us,  thriller    fantasy    scifi    action    drama  ,5.4
3748,Homecoming: A Film by Beyoncé,  music    documentation  ,7.4
3753,Sergio,  drama    history    romance    documentation  ,6.2
3768,Benchwarmers 2: Breaking Balls,  comedy    sport  ,4.1
3780,Undercover Brother 2,  action    comedy  ,3.4
3797,Legacy of Lies,  thriller    action  ,5.0
3817,Lady Driver,  drama    sport  ,5.8
3819,Captain Underpants: Mega Blissmas,  comedy    animation    family  ,5.3
3824,Hard Kill,  thriller    action  ,3.4
3830,Work It,  music    comedy  ,6.1
3832,Bethany Hamilton: Unstoppable,  documentation    sport  ,7.4
3833,Jungle Beat: The Movie,  scifi    fantasy    animation    comedy    family  ,5.5
3841,Feel the Beat,  drama    comedy    family  ,6.3
3842,Debt Collectors,  comedy    action  ,5.7
3844,All Together Now,  drama  ,6.5
3869,Wheels of Fortune,  comedy  ,5.3
3871,The Grizzlies,  drama    sport  ,7.5
3882,The F**k-It List,  comedy  ,5.1
3889,Super Deluxe,  thriller    action    comedy    crime    drama  ,8.4
3895,Villain,  drama    thriller    action    crime  ,5.9
3896,"Oh, Ramona!",  comedy    romance    european  ,4.8
3905,Larry the Cable Guy: Remain Seated,  comedy  ,6.6
3929,Saaho,  thriller    action    crime    drama    romance  ,5.5
3936,A Remarkable Tale,  comedy    drama    european  ,5.3
3948,Rising Phoenix,  documentation    sport  ,8.1
3951,NiNoKuni,  fantasy    animation    action    family    romance  ,6.1
3982,The Christmas Chronicles: Part Two,  comedy    family    fantasy  ,6.0
3986,The Yin-Yang Master: Dream of Eternity,  scifi    action    drama    fantasy  ,6.4
4022,A California Christmas,  romance    comedy    drama  ,5.8
4048,Seized,  thriller    action  ,5.2
4049,Roped,  romance    family    comedy    drama  ,5.4
4060,Grand-Daddy Day Care,  comedy    family  ,4.9
4068,The Man Who Feels No Pain,  action    comedy  ,7.3
4102,Forensic,  thriller    crime  ,6.8
4103,Badla,  thriller    crime    drama  ,7.8
4104,BLACKPINK: Light Up the Sky,  documentation    music  ,7.5
4112,Alice Júnior,  romance    animation    comedy    drama  ,6.8
4113,Rogue Warfare: Death of a Nation,  action    war  ,3.4
4135,All Day and a Night,  drama  ,5.9
4138,Bennett's War,  drama    sport  ,6.0
4156,A Babysitter's Guide to Monster Hunting,  fantasy    comedy    family  ,5.4
4160,Fearless,  comedy    scifi    documentation    animation    family  ,4.9
4163,Dragon Quest: Your Story,  action    animation    family    fantasy  ,6.5
4166,Bobbleheads: The Movie,  comedy    family    animation  ,2.4
4169,Good Sam,  drama    comedy  ,5.7
4178,Wish Upon a Unicorn,  fantasy    family  ,5.4
4179,Ludo,  crime    action    comedy    drama  ,7.6
4180,Dolly Parton's Christmas on the Square,  comedy    family  ,5.2
4197,I Am Vengeance: Retaliation,  action  ,3.4
4220,The Little Switzerland,  comedy    european  ,4.8
4223,Kevin Hart: Zero F**ks Given,  comedy  ,6.0
4229,Keeping the Bees,  drama  ,5.8
4255,Parchís: the Documentary,  documentation    music  ,6.8
4256,Double World,  action    fantasy  ,6.1
4276,Eric Andre: Legalize Everything,  comedy  ,6.1
4277,Cargo,  drama    fantasy    scifi  ,5.6
4283,Made in China,  drama    comedy    crime    romance    thriller    european  ,6.3
4322,The Stand at Paxton County,  thriller    drama  ,6.4
4361,Angela's Christmas Wish,  animation    comedy    drama    family  ,7.1
4362,Dolly Kitty and Those Twinkling Stars,  drama    comedy  ,5.5
4364,Father Soldier Son,  war    documentation  ,7.3
4367,Shawn Mendes: Live in Concert,  documentation    music  ,7.1
4392,The Road to El Camino: Behind the Scenes of El Camino: A Breaking Bad Movie,  documentation  ,7.1
4398,Rogue Warfare: The Hunt,  action  ,3.1
4402,A Second Chance: Rivals!,  family    drama    sport  ,4.7
4437,Kevin Hart's Guide to Black History,  comedy  ,5.5
4441,ReMastered: The Lion's Share,  music    documentation  ,6.9
4469,A Go! Go! Cory Carson Halloween,  family    animation    horror  ,6.3
4478,Sillu Karupatti,  drama    romance  ,8.0
4483,Adam Devine: Best Time of Our Lives,  comedy  ,5.9
4503,Saverio Raimondo: Il Satiro Parlante,  comedy  ,5.6
4538,Hikaru Utada Laughter in the Dark Tour 2018,  documentation    music  ,8.3
4541,Spirit Riding Free: Spirit of Christmas,  animation    action    comedy    drama    family  ,5.2
4563,Yeh Ballet,  drama  ,7.5
4574,Bombay Rose,  romance    animation    drama  ,6.2
4582,122,  horror    thriller  ,6.2
4583,A Trash Truck Christmas,  animation    comedy    family  ,5.5
4612,Sarvam Thaala Mayam,  drama    music  ,7.6
4661,The Beginning of Life 2: Outside,  documentation  ,8.1
4672,Uriyadi 2,  thriller    action  ,7.1
4680,Chippa,  drama  ,6.4
4702,Super Monsters Save Christmas,  animation    fantasy    family  ,4.8
4719,Classmates Minus,  comedy    drama  ,7.1
4721,Sethum Aayiram Pon,  family    drama  ,7.2
4723,The App That Stole Christmas,  drama    comedy  ,3.7
4733,Chico Bon Bon and the Very Berry Holiday,  family    animation  ,5.9
4734,Uncle Naji in UAE,  comedy    horror  ,5.0
4748,Nenjamundu Nermaiyundu Odu Raja,  comedy    romance    drama  ,6.1
4757,The Panti Sisters,  comedy    romance  ,5.6
4812,Bhai - Vyakti Ki Valli 2,  comedy    drama  ,7.8
4819,Luccas Neto in: Summer Camp,  comedy  ,2.8
4836,The Adam Project,  drama    action    comedy    scifi  ,6.7
4837,Operation Mincemeat,  drama    war  ,6.9
4838,The Power of the Dog,  drama    romance    western  ,6.9
4841,Metal Lords,  drama    comedy    music  ,6.7
4843,The Bubble,  comedy  ,4.7
4844,White Hot: The Rise & Fall of Abercrombie & Fitch,  documentation  ,5.6
4848,Windfall,  thriller    crime    drama  ,5.7
4849,"tick, tick... BOOM!",  drama  ,7.5
4853,Don't Look Up,  scifi    drama    comedy  ,7.2
4857,Apollo 10½:  A Space Age Childhood,  comedy    action    animation    romance    family    horror    drama    scifi  ,7.3
4861,Peter Rabbit 2: The Runaway,  fantasy    family    comedy    action    animation    crime    drama  ,6.2
4864,The Mystery of Marilyn Monroe: The Unheard Tapes,  documentation  ,6.2
4867,Bubble,  scifi    thriller    animation    action    drama    fantasy    romance    sport  ,6.5
4868,The Lost Daughter,  drama  ,6.7
4871,The Mitchells vs. the Machines,  animation    comedy    family    scifi  ,7.6
4872,Red Notice,  comedy    crime    thriller    action  ,6.3
4879,The Alpinist,  documentation  ,8.0
4881,The Harder They Fall,  action    drama    western  ,6.5
4889,The House,  animation    drama    comedy    thriller  ,6.8
4897,The Colony,  scifi    thriller    action  ,5.4
4901,Diana: The Musical,  drama  ,4.3
4903,The Hand of God,  drama  ,7.4
4905,The Unforgivable,  drama    crime  ,7.1
4906,The Guilty,  drama    thriller    action    crime  ,6.3
4911,Till Death,  horror    thriller  ,5.8
4916,Silverton Siege,  drama    action    crime    thriller  ,6.1
4920,Munich: The Edge of War,  drama    history    thriller  ,6.8
4922,Texas Chainsaw Massacre,  thriller    crime    horror  ,4.8
4923,Passing,  drama    thriller  ,6.7
4924,Downfall: The Case Against Boeing,  documentation  ,7.4
4928,Army of Thieves,  comedy    horror    action    crime    thriller    romance    scifi  ,6.4
4929,Gunpowder Milkshake,  action    crime    thriller  ,6.0
4931,The Sparks Brothers,  documentation    music    comedy    history  ,7.8
4936,Outlaws,  crime    thriller    action  ,6.9
4937,Army of the Dead,  horror    thriller    crime    scifi    action  ,5.7
4944,Bo Burnham: Inside,  comedy    drama    music    reality  ,8.7
4956,Bigbug,  scifi    comedy    fantasy  ,5.4
4957,Trust No One: The Hunt for the Crypto King,  crime    documentation  ,6.3
4959,Kate,  action    crime    drama    thriller  ,6.2
4960,Worth,  history    drama  ,6.8
4971,Last Man Down,  thriller    scifi    action  ,5.0
4973,No One Gets Out Alive,  thriller    horror    drama  ,5.3
4974,The Woman in the Window,  thriller    crime    drama  ,5.7
4979,Home Team,  comedy    sport  ,6.0
4984,After We Fell,  drama    romance  ,4.6
4989,The Vault,  action    thriller    crime    fantasy  ,6.4
4996,The Dig,  drama    history  ,7.1
5004,Prayers for the Stolen,  drama  ,7.3
5006,Zone 414,  thriller    scifi  ,4.9
5011,The Starling,  comedy    drama    fantasy  ,6.3
5014,My Little Pony: A New Generation,  fantasy    scifi    drama    comedy    family    animation    action  ,6.8
5015,Cosmic Sin,  scifi    action  ,2.5
5021,The Summit of the Gods,  animation    thriller    history    drama    sport  ,7.5
5022,Vivo,  comedy    animation    drama    family  ,6.7
5023,The Ice Road,  thriller    drama    action  ,5.6
5024,Robin Robin,  animation    comedy    family  ,7.2
5030,Through My Window,  romance    comedy    drama  ,5.4
5032,Long Story Short,  fantasy    comedy    romance  ,6.5
5037,A Cop Movie,  drama    action    crime    thriller    documentation  ,7.0
5043,Stowaway,  thriller    scifi    drama  ,5.6
5046,Fistful of Vengeance,  fantasy    action    crime    drama  ,4.5
5047,Procession,  documentation  ,7.2
5049,Bruised,  drama    sport    thriller  ,6.1
5050,Space Sweepers,  scifi    fantasy    action    drama  ,6.5
5057,Yes Day,  comedy    family  ,5.7
5064,"Bob Ross: Happy Accidents, Betrayal & Greed",  documentation  ,6.9
5068,The Lovebirds,  action    romance    comedy    crime    thriller  ,6.0
5069,Final Account,  documentation  ,7.1
5074,Awake,  scifi    thriller    action    drama  ,4.8
5077,Malcolm & Marie,  drama    romance  ,6.6
5078,The White Tiger,  drama    crime  ,7.1
5081,Fatherhood,  drama    comedy  ,6.6
5083,Moxie,  comedy    drama    music  ,6.7
5084,Rurouni Kenshin: The Beginning,  drama    action  ,7.4
5086,Ali Wong: Don Wong,  comedy  ,6.5
5089,Back to the Outback,  family    animation    comedy  ,6.5
5092,Tyler Perry's A Madea Homecoming,  comedy    drama    romance  ,5.6
5100,Beckett,  thriller    action    crime    drama  ,5.6
5101,7 Prisoners,  drama    crime  ,7.1
5109,SAS: Red Notice,  action    thriller  ,5.2
5115,Fever Dream,  drama    horror    thriller  ,5.4
5116,America: The Motion Picture,  action    animation    comedy    fantasy    history    scifi    war  ,5.6
5119,Love and Leashes,  romance    comedy  ,6.3
5121,My Best Friend Anne Frank,  drama  ,6.2
5129,Rita Moreno: Just a Girl Who Decided to Go for It,  documentation  ,7.7
5133,Sweet Girl,  drama    thriller    action  ,5.5
5134,Restless,  thriller    action    crime  ,5.8
5135,Rurouni Kenshin: The Final,  drama    action  ,7.2
5151,Wish Dragon,  fantasy    comedy    family    romance    animation  ,7.2
5161,Good on Paper,  romance    comedy  ,5.6
5167,Aileen Wuornos: American Boogeywoman,  drama    horror    thriller  ,3.6
5168,Aziz Ansari: Nightclub Comedian,  comedy  ,7.0
5170,Operation Varsity Blues: The College Admissions Scandal,  drama    documentation    crime  ,6.9
5179,Finding 'Ohana,  comedy    family    action  ,6.1
5181,To All the Boys: Always and Forever,  romance    comedy    drama  ,6.3
5184,He's All That,  comedy    romance  ,4.3
5186,Misha and the Wolves,  documentation    drama  ,6.7
5188,Never Back Down: Revolt,  drama    sport    action    crime  ,3.9
5192,Untold: Malice at the Palace,  crime    documentation    sport  ,7.5
5216,Pray Away,  documentation  ,6.5
5224,A Boy Called Christmas,  family    fantasy    drama  ,6.7
5236,The Seventh Day,  horror  ,4.5
5238,Thunder Force,  scifi    comedy    fantasy    action  ,4.4
5248,Outside the Wire,  scifi    thriller    action    fantasy  ,5.4
5249,The Loud House Movie,  animation    action    thriller    fantasy    drama    family    music    comedy  ,6.2
5263,Shaun the Sheep: The Flight Before Christmas,  comedy    animation    family  ,7.3
5277,The Kissing Booth 3,  romance    comedy  ,4.7
5283,Pelé,  documentation    sport  ,7.0
5285,Memories of a Murderer: The Nilsen Tapes,  documentation    crime  ,6.3
5289,Found,  documentation    drama  ,7.5
5295,Ride or Die,  thriller    drama    romance  ,5.5
5296,Monster,  drama    crime  ,6.5
5299,Mobile Suit Gundam Hathaway,  drama    romance    scifi    animation    action  ,6.6
5300,This Is the Night,  drama    comedy  ,5.5
5303,The Whole Truth,  horror    thriller    drama  ,5.1
5323,Skater Girl,  drama    family    sport  ,6.6
5324,Penguin Bloom,  drama  ,6.8
5339,The Devil Below,  horror    thriller  ,4.2
5353,Why Did You Kill Me?,  documentation    crime  ,5.6
5359,Broken Idol: The Undoing of Diomedes Díaz,  documentation    crime  ,6.1
5375,Blood Brothers: Malcolm X & Muhammad Ali,  documentation    history    sport  ,6.9
5384,Anonymously Yours,  romance    drama  ,5.7
5401,Chappelle's Home Team - Earthquake: Legendary,  comedy  ,6.7
5405,Dynasty Warriors,  action    fantasy  ,4.7
5425,Bright: Samurai Soul,  animation    action    fantasy    thriller  ,5.5
5436,Untold: Breaking Point,  documentation    sport  ,7.6
5440,A California Christmas: City Lights,  romance    comedy    drama  ,5.5
5452,Murder by the Coast,  crime    history    thriller    documentation  ,6.5
5454,Je suis Karl,  drama    thriller    european    romance  ,5.4
5462,Father Christmas Is Back,  comedy  ,4.5
5466,A Family,  crime    drama  ,7.0
5467,Ms. Pat: Y'all Wanna Hear Something Crazy?,  comedy  ,6.1
5473,Forever Rich,  drama    comedy    music    thriller    crime  ,5.5
5480,Cousins,  drama  ,6.9
5498,The Princess Switch 3: Romancing the Star,  romance    comedy    drama    family  ,5.5
5503,Biggie: I Got a Story to Tell,  music    documentation  ,6.8
5515,137 Shots,  crime    documentation  ,6.2
5520,The Women and the Murderer,  crime    documentation  ,6.4
5523,Adam by Eve: A Live in Animation,  drama    animation    music  ,6.5
5534,AI Love You,  romance    drama    scifi  ,4.4
5535,Amina,  drama    action    history  ,3.9
5538,Fate: The Winx Saga - The Afterparty,  comedy    fantasy    reality  ,6.2
5551,Kapil Sharma: I'm Not Done Yet,  comedy  ,6.9
5557,The Father Who Moves Mountains,  thriller    drama  ,5.5
5564,Untold: Caitlyn Jenner,  documentation    sport  ,6.4
5566,Lords of Scam,  documentation    crime  ,6.3
5574,Puff: Wonders of the Reef,  documentation    family  ,7.1
5582,The House of Flowers: The Movie,  drama    comedy  ,5.5
5588,Creating The Queen's Gambit,  documentation  ,6.9
5589,Octonauts: The Ring of Fire,  animation  ,6.5
5592,Honey Girls,  family    music    comedy  ,5.0
5595,Resort to Love,  comedy    romance  ,5.7
5597,Hate by Dani Rovira,  comedy  ,6.7
5613,Headspace Unwind you Mind,  animation    documentation  ,7.2
5630,This Little Love of Mine,  romance  ,5.3
5639,"Strip Down, Rise Up",  documentation  ,5.3
5682,Johnny Test's Ultimate Meatloaf Quest,  animation    family  ,7.0
5688,Sisters on Track,  documentation    sport  ,5.8
5692,Prime Time,  thriller    drama  ,5.2
5699,Thalaivii,  drama  ,5.9
5704,Convergence: Courage in a Crisis,  documentation  ,5.4
5713,Angèle,  music    documentation  ,7.0
5773,Stuck Apart,  comedy    drama  ,6.0
